id;name;mail;face;face_id;hash
1;user-facing EXE Awesome;Card SQL;../fake-data/blob/hipster.txt;Flat;Sleek
2;e-markets encoding contextually-based;Savings Shoes;../fake-data/blob/hipster.txt;TCP microchip Practical;Account Reduced redundant
3;Ports violet;exuding Fantastic;../fake-data/blob/hipster.txt;whiteboard Grass-roots;Ports
4;Sleek;withdrawal compressing Avon;../fake-data/blob/hipster.txt;ソロモン諸島 Rustic Soft;deploy transmitter
5;parse Estates;Internal;../fake-data/blob/hipster.txt;GB;zero Incredible Wooden
6;Bike;implement;../fake-data/blob/hipster.txt;input;e-services
7;富山県 Sausages scalable;Account Loaf sticky;../fake-data/blob/hipster.txt;neural;Gloves
8;Future;Administrator Lead;../fake-data/blob/hipster.txt;Table;initiatives
9;Concrete Garden;HTTP;../fake-data/blob/hipster.txt;Data programming AGP;Borders synthesizing
10;plum Mobility;インドネシア portals;../fake-data/blob/hipster.txt;Checking;product SAS
